{
    "FE17": [
        572.2719045120001,
        33.47569644952472,
        11.719028983199998,
        0.6585232063968011,
        4.982878826030502,
        0.2922644877061062
    ],
    "FE19": [
        277.93998434400027,
        29.271168039670155,
        5.096872836,
        0.5502049245800458,
        2.1968312608150318,
        0.25092003659597845
    ],
    "L10": [
        507.98409340799935,
        112.23117653175261,
        2.3001763619999918,
        0.5363819501924851,
        0.9985670579315836,
        0.24323266919549438
    ],
    "L11": [
        1298.5696423391992,
        148.78817810122115,
        4.725115521571601,
        0.5230640181184062,
        2.0388936248618106,
        0.24185242199981702
    ],
    "L12": [
        459.8905566420002,
        153.26372004105983,
        2.3440620601200024,
        0.7722409516196166,
        1.0175469628481368,
        0.3401177420301784
    ],
    "L4": [
        1749.6694227540008,
        182.84135926612188,
        9.3034263168,
        0.9318838782349097,
        3.973064511692151,
        0.4159879955454674
    ],
    "L5": [
        525.8692834559998,
        133.4184019920198,
        2.4082995419999986,
        0.6432949754224272,
        1.043971399025805,
        0.2861246845974196
    ],
    "L6": [
        766.5371683199995,
        143.65144254484179,
        3.323100000000008,
        0.6394249799773547,
        1.4375472616844458,
        0.2860545915669217
    ],
    "L7": [
        211.4118686460004,
        46.46503485245987,
        2.6890088649599972,
        0.5772132039029406,
        1.166141944599127,
        0.2612141049324447
    ],
    "L8": [
        716.5685986139991,
        111.54304652477511,
        2.961476760000006,
        0.5082599637241746,
        1.2839011518318344,
        0.23424211192231237
    ],
    "L9": [
        944.053689809999,
        117.9418878048871,
        3.9087267065000013,
        0.49703977933547827,
        1.6903433388463027,
        0.23184829922724
    ],
    "M1": [
        827.4888912204444,
        32.32180941934381,
        14.082655852222233,
        0.5807029361723507,
        5.937472509945541,
        0.30885646293365465
    ],
    "M10": [
        384.6615262379998,
        47.511553635651765,
        4.956411645428571,
        0.6237817969689295,
        2.136729868849305,
        0.2808307253649491
    ],
    "M11": [
        108.73836626399999,
        34.684135063823916,
        2.897342096000002,
        0.8312906845885962,
        1.252631960084604,
        0.3642817683877683
    ],
    "M12": [
        117.20691232799994,
        36.691227051626434,
        2.4546612566666695,
        0.7504175097112057,
        1.0628347117244779,
        0.32998977200494606
    ],
    "M13": [
        124.0543802520001,
        34.86314012795698,
        2.6057878770000023,
        0.7317196851049366,
        1.1287785472519956,
        0.32433106236601567
    ],
    "M14": [
        165.06808045199995,
        30.835647291973277,
        3.9776375980000025,
        0.7680223072874335,
        1.7175645468667657,
        0.3410668517246241
    ],
    "M15": [
        2283.1516631616005,
        100.69269248953817,
        13.710916649353857,
        0.55493488269158,
        5.805416384616706,
        0.27419362086950483
    ],
    "M17": [
        1796.2375376879993,
        88.78145424290734,
        18.225590255714287,
        0.8274102067285652,
        7.64776435372434,
        0.3461594152864427
    ],
    "M18": [
        226.857399582,
        22.31764998990537,
        5.481473272000001,
        0.548542513150189,
        2.3618437153679177,
        0.25528803418471147
    ],
    "M19": [
        214.6396341540001,
        25.77254626141953,
        4.457941370666666,
        0.5427565848853277,
        1.9251592910590873,
        0.2514665185537113
    ],
    "M1_1": [
        1002.6337413742226,
        44.52656820020221,
        23.661090642172844,
        1.1360934430963026,
        9.840222993088629,
        0.4526240851442851
    ],
    "M1_2": [
        919.8467966551109,
        38.99816133824237,
        28.882310756444447,
        1.3584514428855359,
        11.900520819681264,
        0.5153637928692799
    ],
    "M1_3": [
        897.2324665919999,
        30.622543409621,
        27.34999138666667,
        1.3181650172899648,
        11.339049930474083,
        0.41087053375087734
    ],
    "M1_4": [
        1019.9910225120003,
        34.72899738009408,
        31.61752936222222,
        1.4753514248888202,
        13.011467217070983,
        0.4497015277983667
    ],
    "M1_5": [
        1018.4020640640001,
        35.50230602420157,
        31.51887889577777,
        1.506767066966317,
        12.930201710199372,
        0.5554477247623656
    ],
    "M2": [
        859.6520198112001,
        31.760881162069232,
        12.9388585392,
        0.5156894413309127,
        5.484819851159634,
        0.24792627086201027
    ],
    "M20": [
        242.82734718000015,
        24.92311807721005,
        5.0307035020000015,
        0.5201173889409103,
        2.1697242492575266,
        0.23982713875579384
    ],
    "M21": [
        281.8894047420002,
        25.414210917981322,
        5.829767577333331,
        0.5135423507724011,
        2.510086760084463,
        0.23922100058429716
    ],
    "M22": [
        256.56333905400004,
        22.848929922668212,
        6.197907979999998,
        0.5550764340367511,
        2.666380979147326,
        0.2568133871001512
    ],
    "M23": [
        399.16996396200017,
        32.32574733620345,
        7.198137177000002,
        0.5991208102555544,
        3.0899034408748642,
        0.27621157979465055
    ],
    "M24": [
        281.9799819540002,
        23.335577365172995,
        6.780169902000002,
        0.5384223854357988,
        2.9133175748765723,
        0.2526967974127694
    ],
    "M25": [
        406.57994176800014,
        30.172304938957463,
        8.35182091333334,
        0.6194649891577363,
        3.5764000095639923,
        0.2874007722815307
    ],
    "M26": [
        205.82063046600007,
        23.845066164350694,
        4.975750504999998,
        0.5652835868846734,
        2.1457771636276206,
        0.2555528530279737
    ],
    "M27": [
        211.38139406999986,
        28.399383123573227,
        4.360356887333333,
        0.590595124164448,
        1.8838163966741832,
        0.26959082175960203
    ],
    "M28": [
        198.77634757200016,
        27.77116967386166,
        4.117312738000002,
        0.5925138689821186,
        1.7797154286007117,
        0.2682234909272331
    ],
    "M29": [
        192.259444146,
        29.889329190925903,
        3.9564892341333326,
        0.5394232224955983,
        1.7104754282546104,
        0.2462310110058875
    ],
    "M2_1": [
        1146.8018026080001,
        41.07552604564478,
        26.667351130172833,
        1.2723531779446324,
        11.02852167267424,
        0.4997796394733235
    ],
    "M2_2": [
        1241.1724284959998,
        44.48626721150067,
        33.11283194592593,
        1.5541676639658981,
        13.540331640568219,
        0.5862347418261777
    ],
    "M2_3": [
        1040.0094293306665,
        44.53787749420581,
        31.395428645777784,
        1.5770929662828435,
        12.875917132754827,
        0.5658743114786345
    ],
    "M2_4": [
        1370.0844529680005,
        60.192764924431906,
        36.262697080296284,
        1.7034639179698219,
        14.751592252995,
        0.6312081354241297
    ],
    "M2_5": [
        1371.7317731040002,
        50.89260359334869,
        36.17205716340741,
        1.7280844308444692,
        14.71652765221809,
        0.6332040768941959
    ],
    "M3": [
        134.11183684799997,
        31.119901106101878,
        2.7442167573333394,
        0.6408323467552692,
        1.1900703928890781,
        0.28590075280321614
    ],